node_path,node_name,sha1_actual,md5_actual,sha256
com/athaydes/rawhttp/rawhttp-core/2.5.0,rawhttp-core-2.5.0.jar11111,c4e3242d7dbaf1074ca283580f4221f007a87c3b,aaad06964472b743c4be39e6561a11a8,71c19982ec85ce3a048ea33fbe83f073ce353f480173625a58480cde75f7dcae
com/athaydes/rawhttp/rawhttp-core/2.5.0,rawhttp-core-2.5.0.pom,2b91057ca291175d1b514672f1bc698ff6f19b94,17187eaba73bfcc1097b6f6e5b29f7d8,155d7a988c9a3dff385ae24a28ca526789a7e716efa97ce730374dfd0db5f8c7
androidx/emoji2/emoji2/1.0.0,emoji2-1.0.0.aar,4983c8c72474a8db5731df0c36fc701130bdb6e0,c986ec6bc32069d575f97f12339777de,af075731a4d17beaa29e69194a6baaf5f3512814c19aa1b8965d1920b0b7fbfa
au/com/dius/pact/core/model/4.2.12,model-4.2.12.jar,cf314a6c0b27f210e3127d67604d6ef6b7cd8a60,4494dc2ac58306a0ce41309abe4fddb9,5f5c0cc136cd8ca8d6e486d18cee26689463b1b476d69f27948515a462d688a1
androidx/core/core-ktx/1.3.2,core-ktx-1.3.2.aar,8bde75fdd6ee03f8cc3eea96fddd3ef52441bcaa,de235c11b6952ea71e0ca39ce2881ff1,78309600ba6fe4473c045976906649b25b3c9a49b14642f8a8a7dcd9e1afe7c8
au/com/dius/pact/core/matchers/4.2.12,matchers-4.2.12.jar,97dfcf7762a79e71484edab4cb0231fa43922484,eda4f318607a48eea66d2567c414cf85,70c5d2fbd13c2dc38832a7c41ab5ddff71358737e7593fa2a3d6504964dde4a6
au/com/dius/pact/provider/4.2.12,provider-4.2.12.pom,c86c252e30d9c0fa30b3bdf782b15a5079084bb1,4e40a671801c8774a5a62948d5187988,313792577ba74e4877e526f248dbe24385c5587919d34ad68ef9a117e595a67f
bouncycastle/bcprov-jdk15/140,bcprov-jdk15-140.jar,83933f3f3312473afbe42a232392b3feffaadc36,fdc933a8620711ddae188674bf6b0b39,05ee1e3f6e9b85a5ef90c1013e93b0bed92726376818e054d47382913201209f
ch/qos/logback/logback-classic/1.1.7,logback-classic-1.1.7.pom,044c01db0f7d7aac366fb952a89c10251ed86f44,fca944aeb88126835f02ea74ff73ff79,4a15d8a6b985ad95036471ca245eb69597489214accdebf14aa0ec54bbc58d09
androidx/core/core-ktx/1.3.2,core-ktx-1.3.2.pom,9d91b5dbed0585f7ad0922014f8e55f7c4140de1,b3e9ebfe5b5826991fbbfa18a79f9211,ba6a806bc1a6faf0cbae08397b3f781feca293ff2b5f3aa600b3d2db142e5ab4
com/android/tools/annotations/24.5.0,annotations-24.5.0.pom,16ae9945d5f0ed5fb1aff1d9aaa627b82096b56e,0ad688fbb96cc80212deecb9289eb6fb,c3c99bf58182889fe86315e9a01473ee2c95540b9dedef898cec64554d925c54
ch/qos/logback/logback-parent/1.2.6,logback-parent-1.2.6.pom,006e99a7c57c9d54e869b4620456ff2ce3930012,f3d703b2a7e9d71586f68280c2640fa6,f87b667cdddf641915bc0b39e8ea6e4e02599e0d5836d2334ce836295136fa1f
com/ardikars/pcap/pcap-spi/1.3.3,pcap-spi-1.3.3.jar,b544fe83640ed5b638fbb0bdf23a9b6f78c53661,8d2a9e5b5b482478e854d7a608ebc8dd,4d1a9f1e32fc2e800c0eedf3a06b82a15de41ba9650cfe794906dfbf5d9c25ac
androidx/activity/activity/1.2.4,activity-1.2.4.pom,c14da44e34d4fb2dba4ad4099e1b6e7b84ff6ad6,8a6fed713bd5991971c0e0f859f31c36,9024dd9873d9e6e29af38c4e2aa096087709db7af3ebcd32a8d17d7bfc53f466
antlr/antlr/2.7.2,antlr-2.7.2.pom,60b2b206af3df735765e8e284396bcfdbced5665,b1136da0c12ce8ffc18d00f8742256ee,5e9abd6c993c7d2859fb759bfb77355a6c8184aa5d200aa740e345da5f4c58fe
au/com/dius/pact/core/matchers/4.2.12,matchers-4.2.12.pom,8bb2b6357bcd064ad902ebab938b6402d351cc63,6a108d6b8c566b9389e1d2a4005f35eb,189b425581d48817834ffb87c1acb4e14bf3ae7c584b0b816d71975e5096fcc8
asm/asm/3.1,asm-3.1.pom,0ebe83facf11663351b9dc8a2dabf3f1235b7aa0,91b12bdc47c22741c528b3573b5d886e,0dc0b75a076259ce70a1d6d148f357651d6b698adb42c44c738612de76af6fcc
au/com/dius/pact/core/support/4.2.12,support-4.2.12.pom,4e7f33a1e5d834d00a4c34eb654929fdfbeef250,b8290c5d47f5f27eb7a0593844f2149f,95a97f8cc17450894737dca43d1e86c367f03eb1cf932867da9b46f11acbe7d9
au/com/dius/pact/core/model/4.2.12,model-4.2.12.pom,5639e3fba8ed1edff7008b5ee1d96de7b85918df,ae0dca5426be41f1339f400226bd7917,3530a7e7d5f127f561eda61a3888ffd686d9fd7b1ee3858523f39ed429361bdd
au/com/dius/pact/core/pactbroker/4.2.12,pactbroker-4.2.12.jar,c9af5497e9de4e6e749db4402abae7f25094fce6,a7db0502afcba95c04d89dd0f744633d,a37e34a07120443a0f6d621010164c2b4eb03332d15b480931e2671cdec69abe
